Workbook

Sheet 学习总览 Dashboard
A1: Agent 开发上岗学习总览 | B1: 值
A2: 学习包资料日期 | B2: 2026-08-12
A3: 计划学习小时 | B3: 320
A4: 实际学习小时 | B4: =SUM('每日学习记录'!G:G)
A5: 任务完成率 | B5: =IFERROR(COUNTIF('每日学习记录'!H:H,"完成")/MAX(1,COUNTA('每日学习记录'!A:A)-1),0)
A6: 总体进度 | B6: =IFERROR(COUNTIF('每日学习记录'!H:H,"完成")/80,0)
A7: 技能平均分 | B7: =IFERROR(AVERAGE('技能矩阵'!D:D),0)
A8: 评测通过率 | B8: =IFERROR(COUNTIF('评测记录'!G:G,"通过")/MAX(1,COUNTA('评测记录'!A:A)-1),0)
A9: 项目完成率 | B9: =IFERROR(COUNTIF('项目里程碑'!F:F,"完成")/MAX(1,COUNTA('项目里程碑'!A:A)-1),0)
A10: 模拟面试次数 | B10: =MAX(0,COUNTA('面试练习记录'!A:A)-1)
A12: 周次 | B12: 实际学习小时
A13: 1 | B13: =SUMIF('每日学习记录'!B:B,A13,'每日学习记录'!G:G)
A14: 2 | B14: =SUMIF('每日学习记录'!B:B,A14,'每日学习记录'!G:G)
A15: 3 | B15: =SUMIF('每日学习记录'!B:B,A15,'每日学习记录'!G:G)
A16: 4 | B16: =SUMIF('每日学习记录'!B:B,A16,'每日学习记录'!G:G)
A17: 5 | B17: =SUMIF('每日学习记录'!B:B,A17,'每日学习记录'!G:G)
A18: 6 | B18: =SUMIF('每日学习记录'!B:B,A18,'每日学习记录'!G:G)
A19: 7 | B19: =SUMIF('每日学习记录'!B:B,A19,'每日学习记录'!G:G)
A20: 8 | B20: =SUMIF('每日学习记录'!B:B,A20,'每日学习记录'!G:G)
A21: 9 | B21: =SUMIF('每日学习记录'!B:B,A21,'每日学习记录'!G:G)
A22: 10 | B22: =SUMIF('每日学习记录'!B:B,A22,'每日学习记录'!G:G)
A23: 11 | B23: =SUMIF('每日学习记录'!B:B,A23,'每日学习记录'!G:G)
A24: 12 | B24: =SUMIF('每日学习记录'!B:B,A24,'每日学习记录'!G:G)
... A28: 16 | B28: =SUMIF('每日学习记录'!B:B,A28,'每日学习记录'!G:G)

Sheet 16周学习计划
A1: 周次 | B1: 主题 | C1: 本周目标 | D1: 必写代码 | E1: 必做实验 | F1: 可验证产出 | G1: 验收标准 | H1: 面试考点
A2: 1 | B2: 定位、入学诊断与 Python 工程基线 | C2: 完成能力摸底，建立带虚拟环境、格式化、类型检查、单元测试和 Git 提交纪律的 Python 服务骨架。 | D2: 创建 hello-agent-service：配置对象、/healthz、结构化日志、两个 pytest 用例和 CI 工作流。 | E2: 把一个无类型的脚本改成包结构；故意制造导入错误、超时错误和断言失败，记录排障过程。 | F2: 含 README、pyproject.toml、测试通过截图或日志、至少 5 次原子 Git commit 的仓库。 | G2: pytest、ruff、mypy 全绿；密钥不在 Git 历史；新同学可按 README 启动。 | H2: 解释为什么 Agent 项目仍需要普通后端工程能力，以及类型与测试如何降低工具调用风险。
A3: 2 | B3: FastAPI、Pydantic、异步与 HTTP 边界 | C3: 能够设计可验证 API，理解异步 I/O 的适用范围，并将请求、认证主体和错误响应分层。 | D3: 实现 POST /v1/chat、Principal 依赖、统一错误模型、请求 trace_id 与异步服务桩。 | E3: 同时发起 20 个慢请求；比较阻塞函数直接调用与 asyncio.to_thread 的延迟差异。 | F3: OpenAPI 截图、10 条 API 测试、一次超时 trace 和接口契约文档。 | G3: 非法 body 得到稳定 422；未认证请求 401；每个响应带 trace_id 或可查询 trace。 | H3: 何时使用 async？Pydantic 与 JSON Schema 怎样配合？401、403、404 如何区分？
A4: 3 | B4: 数据、Redis、消息与可靠性 | C4: 理解 Agent 服务的状态、缓存、异步任务和幂等边界，能为写操作设计可追踪的可靠性策略。 | D4: 实现 AuditStore、tenant scoped 查询、idempotency_key 表或内存替身、可重试与不可重试错误分类。 | E4: 连续提交同一个写请求 3 次；注入一次网络超时，检查是否产生重复草稿。 | F4: 数据模型图、建表脚本、幂等测试、失败分类表和审计查询样例。 | G4: 任意读取接口必须带 tenant 过滤；相同幂等键不重复创建；重试上限可配置。 | H4: 为什么 Agent 的写工具必须幂等？如何处理模型超时但下游已经成功？
A5: 4 | B5: 容器、Linux、CI/CD 与可交付服务 | C5: 把服务放入容器并由 CI 验证，理解配置、健康检查、镜像最小化和回滚。 | D5: 编写 Dockerfile、docker-compose.yml、/healthz、CI：ruff+mypy+pytest。 | E5: 构建镜像后以只读根文件系统运行；故意令 healthcheck 失败并模拟回滚。 | F5: 镜像构建日志、Compose 启动说明、CI 状态、发布检查清单。 | G5: 容器非 root；.env 不进镜像；服务健康检查可用；失败版本能恢复到前一镜像标签。 | H5: 蓝绿与灰度如何选？哪些配置必须与镜像分离？健康检查为什么不能只检查进程存在？
A6: 5 | B6: LLM 基础、Token、上下文与采样 | C6: 能够解释模型调用的输入输出、上下文窗口与成本来源，并以实验而非直觉选择参数。 | D6: 写 ModelClient 接口、provider adapter、usage 记录模型和超时/429/5xx 异常分类。 | E6: 对同一 20 条提示运行三组采样参数，比较格式遵循率、长度、延迟与 token。 | F6: 参数实验 CSV、成本公式、模型选择 ADR、无密钥的 mock 测试。 | G6: 不把模型名和价格硬编码为永久事实；报告标明日期、模型版本、样本数与局限。 | H6: token 成本如何估算？上下文溢出怎样处理？为什么同一提示并非完全确定？
A7: 6 | B7: Prompt 与上下文工程、结构化输出 | C7: 把自然语言目标转换成可测试提示和受 schema 约束的中间契约，而不把提示当安全边界。 | D7: 定义 ModelDecision、Citation、TicketDraft；实现 schema 校验失败的安全降级与 prompt registry。 | E7: 用 30 条输入比较自由文本、JSON mode 与 strict schema 的解析成功率；保存失败例。 | F7: 提示词版本库、结构化输出评测集、失败样本和修复说明。 | G7: 模型输出未通过 Pydantic 校验时不执行工具；schema 枚举能排除无效状态。 | H7: Function Calling 与最终结构化回复的差异？为什么 schema 不能替代授权？
A8: 7 | B8: Function Calling、工具 Schema 与手写 Agent Loop | C8: 能手写一个有限步 Agent Loop，清楚解释模型、执行器和工具之间的消息流。 | D8: 完成 ToolRegistry、search_knowledge、get_ticket、draft_ticket 和 AgentRunner。 | E8: 使用 ScriptedModelClient 重放：正确调用、未知工具、非法参数、重复调用、超时和写操作确认。 | F8: 时序图、至少 8 个 Agent Loop 测试、工具 schema 审查表。 | G8: 模型不能指定 tenant_id；相同调用被拒绝；最大步数终止；可重试与不可重试错误行为不同。 | H8: 讲解一次 tool calling 循环；为何要把 call_id 回传？怎样避免无限循环？
A9: 8 | B9: 状态、记忆、检查点与故障恢复 | C9: 区分短期状态、用户级长期记忆和知识库，设计可恢复且不越权的状态持久化。 | D9: 实现 AgentState、审计事件、checkpoint schema、恢复接口设计和 state handle 归属校验测试。 | E9: 在工具执行后强制中断，重启后从 checkpoint 恢复；尝试用另一租户 handle 恢复并确保拒绝。 | F9: 状态机图、恢复 runbook、状态 retention 策略和 6 个恢复测试。 | G9: 状态句柄不可预测且绑定 authenticated principal；恢复不会重复写；过期状态被拒绝。 | H9: 短期记忆、长期记忆、RAG 如何区分？checkpoint 应保存哪些，不应保存哪些？
A10: 9 | B10: RAG 摄取、文档处理、切分与检索 | C10: 构建可追溯的 RAG 摄取和检索管线，并先实现权限过滤再检索。 | D10: 实现 Document、Chunk、ACL metadata、SQLite FTS 原型、Retriever 接口和 citation mapping。 | E10: 针对 3 种 chunk size/overlap 和 2 种检索模式跑标注查询集，记录 Recall@K 与错误例。 | F10: 摄取清单、数据血缘表、检索实验 CSV、引用样例和无答案回复策略。 | G10: 检索前执行 tenant/role filter；回答引用包含 source/chunk；无证据时明确拒答。 | H10: 为什么 metadata filter 是安全边界？chunk 怎样影响召回？混合检索何时有益？
A11: 10 | B11: RAG 评测、回答忠实度与 LangGraph | C11: 将 RAG 从“能回答”提升到“可测量、可恢复、可审计”的图编排应用。 | D11: 实现评测 JSONL、检索指标函数、失败分类；将 classify→retrieve→rerank→answer→approve 映射为 StateGraph 设计。 | E11: 为 30 条问题标注 gold chunks；分别测 raw retrieval 与 rerank；比较指标和延迟。 | F11: RAG eval 报告、LangGraph 状态图、被中断后恢复的 trace。 | G11: 指标能区分检索失败与回答失败；改变 chunk 参数后可重跑；高风险节点能 interrupt。 | H11: Recall@K 与 MRR 的公式？为何 graph 比自由循环适合审批流程？
A12: 11 | B12: 轻量 Agent SDK、Tracing 与多 Agent 边界 | C12: 能够比较手写 loop 与 SDK，知道何时选择 handoff/agents-as-tools，何时避免多 Agent。 | D12: 用同一 ToolRegistry 做一个 SDK 对照分支；记录手写 loop 与 SDK 的接口差异、trace 字段和迁移点。 | E12: 实现单 Agent 与“检索专家作为工具”的两个版本，比较成功率、步骤数、成本和故障面。 | F12: 框架选型矩阵、对照实验、trace 截图或 JSON、迁移风险清单。 | G12: 多 Agent 设计能证明分工、接口、独立评测和成本收益；否则保留单 Agent。 | H12: Agents SDK 何时比直接 API 合适？agent-as-tool 与 handoff 有何区别？
A13: 12 | B13: Microsoft Agent Framework、MCP 与集成治理 | C13: 理解企业 Agent Framework 的定位与 MCP 的协议/授权边界，能构建最小受限 MCP 服务。 | D13: 实现最小 MCP tool schema 或伪服务端；为允许目录、命令白名单、scope、工具审批写配置和测试。 | E13: 模拟恶意 MCP 描述、私网 URL、跨受众 token 和越权 state handle，验证拒绝或人工确认。 | F13: MCP threat model、权限矩阵、tool allowlist、至少 6 条安全用例。 | G13: 不从 MCP tool description 推断信任；HTTP 端点限制 egress；token 不透传；写工具要求确认。 | H13: MCP 的三种角色？为何 tool description 不可信？token passthrough 有何风险？
... A17: 16 | B17: 上线验收、简历、面试与持续改进 | C17: 以真实面试和上线审查标准完成两个作品集的验收，并将学习成果转化为可验证叙事。 | D17: 补齐 CI、发布检查、指标采集、成本上限配置、runbook 和演示数据重置脚本。 | E17: 做一次模拟生产事故：模型 429、检索空、工具超时、权限拒绝；在 30 分钟内按 runbook 定位并复盘。 | F17: 两份项目 README、两份答辩稿、简历项目描述、20 题模拟面试记录、结业验收报告。 | G17: 能在 10 分钟内演示核心路径，5 分钟内解释架构安全权衡；所有关键主张有代码、测试、trace 或指标证据。 | H17: 讲一个你如何定位 Agent 失败的例子；如何从单机 MVP 演进到多租户生产？

Sheet 每日学习记录
A1: 日期 | B1: 周次 | C1: 星期 | D1: 任务 | E1: 计划小时 | F1: 开始时间 | G1: 实际小时 | H1: 状态 | I1: 证据链接/文件 | J1: 复盘
B2: 1 | C2: Day 1 | D2: Day 1（4h）：完成 20 题入学测验；创建学习仓库与 issue 看板，提交 baseline commit。 | E2: 4 | H2: 未开始
B3: 1 | C3: Day 2 | D3: Day 2（4h）：用 pyproject.toml 建包；实现 settings.py 与 .env.example，写 2 个配置校验测试。 | E3: 4 | H3: 未开始
B4: 1 | C4: Day 3 | D4: Day 3（4h）：实现 /healthz 与 JSON 日志；用 curl 保存一次成功和一次 400 响应。 | E4: 4 | H4: 未开始
B5: 1 | C5: Day 4 | D5: Day 4（4h）：为异常和数据模型增加类型注解；运行 ruff、mypy，提交修复 commit。 | E5: 4 | H5: 未开始
B6: 1 | C6: Day 5 | D6: Day 5（4h）：写 README 启动步骤和一篇 500 字工程复盘；整理 issue 与下周计划。 | E6: 4 | H6: 未开始
B7: 2 | C7: Day 1 | D7: Day 1（4h）：定义 ChatRequest、AgentReply、ProblemDetails；为无效长度和非法 ID 写测试。 | E7: 4 | H7: 未开始
B8: 2 | C8: Day 2 | D8: Day 2（4h）：实现 Principal 依赖与 401/403 响应；提交认证边界说明。 | E8: 4 | H8: 未开始
B9: 2 | C9: Day 3 | D9: Day 3（4h）：实现异步 HTTP 客户端桩与显式 timeout；模拟 TimeoutException 测试。 | E9: 4 | H9: 未开始
B10: 2 | C10: Day 4 | D10: Day 4（4h）：生成 OpenAPI 并审查字段是否泄露内部信息；记录修改。 | E10: 4 | H10: 未开始
B11: 2 | C11: Day 5 | D11: Day 5（4h）：做 20 并发请求实验，输出表格、P95 与瓶颈假设。 | E11: 4 | H11: 未开始
B12: 3 | C12: Day 1 | D12: Day 1（4h）：画实体关系图，定义 AuditEvent、Conversation、ToolInvocation、IdempotencyRecord。 | E12: 4 | H12: 未开始
B13: 3 | C13: Day 2 | D13: Day 2（4h）：实现 SQLite 初始化与 tenant scoped list 查询，写跨租户隔离测试。 | E13: 4 | H13: 未开始
... B81: 16 | C81: Day 5 | D81: Day 5（4h）：输出结业验收报告、未来 30 天路线和最终 Git release tag。 | E81: 4 | H81: 未开始

Sheet 技能矩阵
A1: 技能 | B1: 说明 | C1: 目标分(1-5) | D1: 当前自评(1-5) | E1: 证据 | F1: 下一步
A2: Python工程化 | B2: 类型、异常、测试、包管理 | C2: 4
A3: FastAPI与异步 | B3: API、验证、HTTP、超时 | C3: 4
A4: 数据库与可靠性 | B4: SQL、幂等、审计、队列 | C4: 3
A5: LLM接口 | B5: 模型、token、结构化输出 | C5: 4
A6: Agent Loop与工具 | B6: schema、审批、状态 | C6: 4
A7: RAG | B7: 摄取、检索、引用、评测 | C7: 4
A8: 安全与权限 | B8: 注入、RBAC/ABAC、租户 | C8: 4
A9: 可观测性与评测 | B9: trace、指标、JSONL | C9: 4
A10: 部署与交付 | B10: Docker、CI、回滚 | C10: 3
A11: 沟通与面试 | B11: README、答辩、简历 | C11: 3

Sheet 项目里程碑
A1: 项目 | B1: 里程碑 | C1: 计划周 | D1: 负责人 | E1: 验收证据 | F1: 状态 | G1: 风险/阻塞
A2: 项目一 | B2: 需求与威胁模型冻结 | C2: 14 | D2: 我 | F2: 未开始
A3: 项目一 | B3: RAG与ACL完成 | C3: 14 | D3: 我 | F3: 未开始
A4: 项目一 | B4: 工单审批与审计完成 | C4: 14 | D4: 我 | F4: 未开始
A5: 项目一 | B5: 评测/安全/部署完成 | C5: 16 | D5: 我 | F5: 未开始
A6: 项目二 | B6: 策略与状态机冻结 | C6: 15 | D6: 我 | F6: 未开始
A7: 项目二 | B7: 受限patch/test完成 | C7: 15 | D7: 我 | F7: 未开始
A8: 项目二 | B8: 评测/恢复/部署完成 | C8: 16 | D8: 我 | F8: 未开始
A9: 通用 | B9: 答辩与简历完成 | C9: 16 | D9: 我 | F9: 未开始

Sheet 评测记录
A1: 日期 | B1: 项目 | C1: 数据集版本 | D1: case_id | E1: 指标 | F1: 结果 | G1: 状态 | H1: 失败分类 | I1: trace_id | J1: 备注
B2: 示例项目 | C2: v0.1 | D2: task-001 | E2: 任务/工具/权限/安全 | G2: 待运行
B3: 示例项目 | C3: v0.1 | D3: perm-001 | E3: 任务/工具/权限/安全 | G3: 待运行
B4: 示例项目 | C4: v0.1 | D4: tool-001 | E4: 任务/工具/权限/安全 | G4: 待运行
B5: 示例项目 | C5: v0.1 | D5: prompt-injection-001 | E5: 任务/工具/权限/安全 | G5: 待运行

Sheet 面试练习记录
A1: 日期 | B1: 公司/岗位 | C1: 题目 | D1: 我的回答要点 | E1: 评分(1-5) | F1: 证据/改进 | G1: 下次复习日期

Sheet 错题库
A1: 日期 | B1: 主题 | C1: 题目/错误 | D1: 正确结论 | E1: 错误原因 | F1: 复习结果 | G1: 下次复习

Sheet Agent 故障记录
A1: 日期 | B1: trace_id | C1: 分类 | D1: 症状 | E1: 影响 | F1: 根因假设 | G1: 缓解动作 | H1: 长期修复 | I1: 验证证据 | J1: 状态

Sheet 官方资料清单
A1: 主题 | B1: 官方资料 | C1: URL | D1: 资料日期 | E1: 版本/风险 | F1: 阅读状态 | G1: 笔记/证据
A2: OpenAI Agents SDK | B2: OpenAI Agents SDK | C2: https://openai.github.io/openai-agents-python/ | D2: 2026-08-12 | E2: 页面显示 v0.20.0；快速演进 | F2: 未开始
A3: LangGraph | B3: Workflows and agents | C3: https://docs.langchain.com/oss/python/langgraph/workflows-agents | D3: 2026-08-12 | E3: 检查 release notes | F3: 未开始
A4: Microsoft Agent Framework | B4: Overview | C4: https://learn.microsoft.com/en-us/agent-framework/overview/ | D4: 2026-08-12 | E4: 含 preview 功能 | F4: 未开始
A5: MCP | B5: Specification | C5: https://modelcontextprotocol.io/specification/2026-07-28 | D5: 2026-08-12 | E5: 协议按日期版本化 | F5: 未开始
A6: 结构化输出 | B6: Structured Outputs | C6: https://developers.openai.com/api/docs/guides/structured-outputs | D6: 2026-08-12 | E6: 模型支持矩阵会变化 | F6: 未开始
A7: 工具调用 | B7: Function Calling | C7: https://developers.openai.com/api/docs/guides/function-calling | D7: 2026-08-12 | E7: API shape 需复核 | F7: 未开始
A8: RAG | B8: Retrieval | C8: https://developers.openai.com/api/docs/guides/retrieval | D8: 2026-08-12 | E8: 价格和限额需复核 | F8: 未开始
A9: 安全 | B9: Safety in building agents | C9: https://developers.openai.com/api/docs/guides/agent-builder-safety | D9: 2026-08-12 | E9: 产品弃用公告需复核 | F9: 未开始
A10: 评测 | B10: Evaluate agent workflows | C10: https://developers.openai.com/api/docs/guides/agent-evals | D10: 2026-08-12 | E10: 平台能力会变化 | F10: 未开始
A11: 可观测性 | B11: OpenTelemetry Python | C11: https://opentelemetry.io/docs/languages/python/ | D11: 2026-08-12 | E11: Logs 仍处于 development | F11: 未开始
